{
  "version": 1,
  "author": "Anonymous maker",
  "editor": "wokwi",
  "parts": [
    { "type": "wokwi-arduino-uno", "id": "uno", "top": 0.6, "left": -0.6, "attrs": {} },
    {
      "type": "wokwi-led",
      "id": "led1",
      "top": -138,
      "left": 176.6,
      "attrs": { "color": "green" }
    },
    {
      "type": "wokwi-photoresistor-sensor",
      "id": "ldr1",
      "top": 243.2,
      "left": -37.6,
      "attrs": {}
    },
    { "type": "wokwi-led", "id": "led2", "top": -138, "left": 243.8, "attrs": { "color": "red" } }
  ],
  "connections": [
    [ "led2:A", "uno:2", "green", [ "v19.2", "h0", "v9.6", "h-28.8" ] ],
    [ "led1:A", "uno:3", "green", [ "v28.8", "h19.2" ] ],
    [ "led2:C", "uno:GND.1", "black", [ "v48", "h-143.6" ] ],
    [ "led1:C", "uno:GND.1", "black", [ "v48", "h-76.4" ] ],
    [ "ldr1:AO", "uno:A0", "green", [ "h0" ] ],
    [ "ldr1:GND", "uno:GND.3", "black", [ "h38.4", "v-0.4", "h9.6" ] ],
    [ "ldr1:VCC", "uno:5V", "red", [ "h0" ] ]
  ],
  "dependencies": {}
}